label,text
spam,You have 500 unread messages from singles near you!
ham,Did you watch the sustainability game last night? What a finish!
spam,Flash sale! Nintendo Switch at 99% off. Only 50 left in stock!
ham,"This week in product launch: new features, updates, and community highlights."
ham,Join our upcoming webinar on machine learning on Thursday at 11:00 AM.
ham,Receipt for your Instagram purchase of $14.99 on June 25.
ham,Monthly digest: Top blockchain trends and insights for April.
spam,Amazing news! You qualify for a free Samsung Galaxy. Click to get yours today!
ham,FYI: The requirements document has been approved by management.
ham,Congratulations on completing your sustainability certification!
ham,Sending you the recipe you asked for. Let me know how it turns out!
ham,The library will be closed on Sunday for maintenance.
ham,Could you please review the pull request I submitted for the innovation module?
spam,Congratulations Jessica! You've earned a free vacation to Dubai!
ham,The project management lecture has been moved to the cafeteria for this week.
ham,"This week in AI: new features, updates, and community highlights."
ham,Let's schedule a call to discuss the sales project. Are you free Friday?
ham,Can you send me the spreadsheet by end of day? We need it for the client presentation.
ham,"Hi team, the meeting has been rescheduled to 2:30 PM tomorrow. Please update your calendars."
spam,Final notice: Claim your $5000 prize before it expires today!
spam,Cheap Xbox available now. Order today for express delivery!
ham,The cloud computing deployment was successful. No issues reported so far.
spam,Shocking secret the banks don't want you to know! Click to reveal.
ham,The sales lecture has been moved to Google Meet for this week.
ham,Let's schedule a call to discuss the team building project. Are you free Tuesday?
spam,Act now! This offer expires in 6 hours!
ham,Did you watch the engineering game last night? What a finish!
spam,Action required: Confirm your iCloud account details or lose access.
ham,Can you send me the status report by end of day? We need it for the client presentation.
ham,The library will be closed on Sunday for maintenance.
spam,Shocking secret the banks don't want you to know! Click to reveal.
ham,Happy birthday! Wishing you a wonderful year ahead!
spam,Get anti-aging cream delivered to your door. Lowest prices guaranteed!
spam,Work from home and earn $1500/hour! No skills needed.
ham,I've updated the proposal with the latest changes. Please review and approve.
ham,I saw this article about blockchain and thought you might find it interesting.
ham,Did you watch the team building game last night? What a finish!
spam,Hot singles in your area want to meet you! Click here.
ham,Great work on the budget presentation! The client was very impressed.
ham,Our latest blog post on design is now live. Check it out!
ham,Don't forget to call mom today. It's her anniversary.
spam,Last chance! Buy one get one free on all iPad!
spam,Final notice: Claim your $2000 prize before it expires today!
ham,Our latest blog post on customer feedback is now live. Check it out!
ham,I've updated the contract with the latest changes. Please review and approve.
spam,Unsubscribe? You'll miss out on $1000 worth of free gifts!
spam,You're our 3rd lucky winner this month! Win $1500 now.
spam,Get CBD oil delivered to your door. Lowest prices guaranteed!
ham,The machine learning lecture has been moved to the auditorium for this week.
ham,I found a great sales course online. Want to take it together?
ham,The analytics sprint review is scheduled for Friday at 3:00 PM.
ham,I've updated the presentation slides with the latest changes. Please review and approve.
spam,You're our 1st lucky winner this month! Win $10000 now.
ham,Your grade for the engineering course has been posted. Check the portal.
ham,I've updated the quarterly report with the latest changes. Please review and approve.
spam,Your Spotify subscription gift card code: FREEXXXX. Redeem at prize-claim.org/winner.
spam,Your account has been compromised! Verify your identity at tinyurl.com/xyz.
ham,Thanks for dinner last night! We should do it again sometime.
ham,The library will be closed on Wednesday for maintenance.
ham,Your iCloud refund of $19.99 has been processed.
spam,Your package is waiting! Track it at www.deals99.com/grab. Delivery fee: $19.99.
ham,Your Google account has been successfully created. Welcome!
ham,Your Apple account has been successfully created. Welcome!
spam,You have 500 unread messages from singles near you!
spam,WINNER! You've been selected to receive a $50000 gift card. Claim immediately!
spam,Your Chase subscription gift card code: FREEXXXX. Redeem at prize-claim.org/winner.
spam,Your Instagram subscription gift card code: FREEXXXX. Redeem at bit.ly/abc123.
ham,Please find attached the meeting notes for your review. Let me know if you have any questions.
spam,Hot singles in your area want to meet you! Click here.
ham,Join our upcoming webinar on sustainability on Wednesday at 5:00 PM.
spam,Double your income in 30 days! Secret method revealed. Click now.
spam,Lose 25lbs in 21 days! Revolutionary weight loss pill.
spam,Doctor recommended Viagra now available without prescription!
ham,Your iCloud refund of $29.99 has been processed.
spam,Your credit score is excellent! Get a pre-approved $2000 loan now.
spam,Security alert: Unusual login detected on your Chase account. Verify now.
spam,URGENT: You have won a brand new MacBook! Click the link to claim your prize.
ham,Let me know when you're free this weekend. We could go for a hike.
ham,Great work on the analytics presentation! The client was very impressed.
spam,Click here for a surprise gift! You won't believe what's inside!
spam,Get rich quick! Invest $10000 today and earn $100000 tomorrow!
spam,Your credit score is excellent! Get a pre-approved $1000000 loan now.
ham,Happy birthday! Wishing you a wonderful year ahead!
spam,Click here for a surprise gift! You won't believe what's inside!
spam,Amazing news! You qualify for a free camera. Click to get yours today!
spam,Meet beautiful people in your city tonight! Join free at tinyurl.com/xyz.
ham,The exam schedule has been posted on the portal. Check your dates.
spam,Buy anti-aging cream online at 80% discount! No prescription needed.
spam,"Dear user, your iPhone order is ready. Confirm at secure-verify.net/login."
spam,Congratulations! You have won a $5000 prize! Click here to claim now.
spam,"FREE laptop for the first 100 customers! Hurry, limited stock!"
spam,Lose 30lbs in 14 days! Revolutionary weight loss pill.
ham,Your appointment with Dr. Jennifer is confirmed for Monday at 10:00 AM.
ham,"This week in analytics: new features, updates, and community highlights."
spam,Buy Xanax online at 80% discount! No prescription needed.
spam,Your Instagram subscription gift card code: FREEXXXX. Redeem at www.deals99.com/grab.
spam,You have 5 unread messages from singles near you!
ham,The kids have a school event on Thursday. Can you make it?
ham,Reminder: Your diamond ring warranty expires on May 30.
spam,Your Spotify subscription gift card code: FREEXXXX. Redeem at www.deals99.com/grab.
ham,The project management workshop has 7 seats remaining. Register soon.
spam,Free money! Get $1000 deposited into your account today.
ham,Did you watch the Python game last night? What a finish!
ham,Your monthly PayPal statement is ready. Log in to view.
ham,The project management workshop has 5 seats remaining. Register soon.
spam,URGENT: Your bank account needs verification. Click here immediately.
ham,Congratulations on completing your innovation certification!
spam,"Dear user, your voucher order is ready. Confirm at click-here-now.com/offer."
spam,Get weight loss pills delivered to your door. Lowest prices guaranteed!
ham,Your grade for the project management course has been posted. Check the portal.
spam,Action required: Confirm your Amazon account details or lose access.
spam,WARNING: Your computer has 15 viruses! Download antivirus now!
spam,Special offer: Ambien for only $19.99! Limited time deal.
spam,Free trial of iCloud! No credit card required. Sign up at tinyurl.com/xyz.
ham,Can you pick up voucher from the store on your way home?
ham,Join our upcoming webinar on sustainability on Saturday at 9:00 AM.
ham,The kids have a school event on Tuesday. Can you make it?
ham,Welcome aboard! Your onboarding schedule is attached.
spam,WARNING: Your computer has 10 viruses! Download antivirus now!
ham,Your grade for the sustainability course has been posted. Check the portal.
ham,Your monthly Apple statement is ready. Log in to view.
ham,"Dear students, the Python assignment is due on July 1. No extensions."
spam,Flash sale! laptop at 99% off. Only 50 left in stock!
spam,Your email has won $10000 in our international lottery. Reply to collect.
ham,Your PayPal refund of $4.99 has been processed.
spam,Work from home and earn $10000/hour! No skills needed.
spam,Your package is waiting! Track it at click-here-now.com/offer. Delivery fee: $4.99.
spam,Lose 30lbs in 21 days! Revolutionary weight loss pill.
spam,Act now! This offer expires in 6 hours!
spam,Earn $50000 daily with this simple trick. Guaranteed income!
ham,The training session has been confirmed for March 15 at Zoom. Please RSVP.
spam,Cheap laptop available now. Order today for express delivery!
spam,Flash sale! Xbox at 99% off. Only 5 left in stock!
ham,Community update: We've reached 100 members! Thank you for your support.
ham,Happy birthday! Wishing you a wonderful year ahead!
ham,The customer feedback deployment was successful. No issues reported so far.
spam,You are the lucky winner of our $10000 grand prize! Act fast!
spam,Act now! This offer expires in 48 hours!
spam,Congratulations! You qualify for a $10000 loan at 0% interest!
ham,Registration for next semester opens on December 1. Plan your courses.
spam,Your email has won $1000000 in our international lottery. Reply to collect.
ham,Reminder: Our dentist appointment is on Wednesday at 2:30 PM.
spam,WINNER! You've been selected to receive a $1500 gift card. Claim immediately!
ham,The training session has been confirmed for December 1 at the auditorium. Please RSVP.
ham,The kids have a school event on Monday. Can you make it?
spam,Act now! This offer expires in 24 hours!
spam,Reply WIN to this message and get a free TV instantly!
ham,"This week in machine learning: new features, updates, and community highlights."
spam,Act now! This offer expires in 4 hours!
ham,I found a great quarterly report course online. Want to take it together?
spam,Your email has won $50000 in our international lottery. Reply to collect.
ham,Join our upcoming webinar on innovation on Tuesday at 3:30 PM.
ham,The project deadline has been extended to April 20. Please plan accordingly.
spam,Your email has won $100000 in our international lottery. Reply to collect.
spam,Get supplements delivered to your door. Lowest prices guaranteed!
ham,Did you watch the analytics game last night? What a finish!
ham,We need to renew the car insurance by October 20. Can you handle it?
spam,Congratulations John! You've earned a free vacation to Bali!
ham,Don't forget to call mom today. It's her anniversary.
spam,Get rich quick! Invest $50000 today and earn $50000 tomorrow!
ham,I found a great customer feedback course online. Want to take it together?
spam,Important: Update your Wells Fargo password now to avoid account closure.
spam,"FREE camera for the first 100 customers! Hurry, limited stock!"
spam,Reply WIN to this message and get a free voucher instantly!
spam,Amazing news! You qualify for a free TV. Click to get yours today!
spam,Free trial of Wells Fargo! No credit card required. Sign up at bit.ly/abc123.
spam,Amazing news! You qualify for a free Nintendo Switch. Click to get yours today!
spam,Hot singles in your area want to meet you! Click here.
spam,Your Amazon payment failed. Update billing info at bit.ly/abc123.
spam,Double your income in 30 days! Secret method revealed. Click now.
spam,You've been specially selected for this exclusive offer. Don't miss out!
ham,Please submit your research proposal by March 15. Format guidelines attached.
ham,Congratulations on completing your machine learning certification!
spam,Your Facebook account will be suspended. Verify at bit.ly/abc123 immediately.
ham,I found a great design course online. Want to take it together?
ham,Password changed successfully for your Dropbox account.
spam,Your package is waiting! Track it at click-here-now.com/offer. Delivery fee: $9.99.
ham,Your monthly LinkedIn statement is ready. Log in to view.
spam,Act now! This offer expires in 48 hours!
ham,Community update: We've reached 5 members! Thank you for your support.
spam,Act now! This offer expires in 48 hours!
spam,Free trial of Spotify! No credit card required. Sign up at prize-claim.org/winner.
ham,Thanks for sending the design document. Everything looks good to me.
spam,Security alert: Unusual login detected on your Microsoft account. Verify now.
ham,Welcome aboard! Your onboarding schedule is attached.
ham,Office hours this week: Saturday from 10:00 AM to 12:00 PM. Room 360.
ham,Welcome aboard! Your onboarding schedule is attached.
spam,Congratulations! You qualify for a $500 loan at 0% interest!
ham,Can you send me the budget proposal by end of day? We need it for the client presentation.
spam,Your LinkedIn subscription gift card code: FREEXXXX. Redeem at click-here-now.com/offer.
spam,Free money! Get $100000 deposited into your account today.
ham,Please complete the quarterly performance review by August 3.
ham,Welcome aboard! Your onboarding schedule is attached.
spam,Security alert: Unusual login detected on your Microsoft account. Verify now.
spam,Final notice: Claim your $2000 prize before it expires today!
spam,Doctor recommended vitamins now available without prescription!
ham,FYI: The proposal has been approved by management.
ham,Happy birthday! Wishing you a wonderful year ahead!
spam,You have 100 unread messages from singles near you!
ham,The kids have a school event on Saturday. Can you make it?
ham,Thanks for dinner last night! We should do it again sometime.
ham,Your appointment with Dr. Mike is confirmed for Thursday at 5:00 PM.
spam,Action required: Confirm your Netflix account details or lose access.
ham,HR has updated the leave policy. Check the intranet for details.
ham,Your Apple account has been successfully created. Welcome!
spam,Buy now and save up to 90%! Unbelievable deals at tinyurl.com/xyz.
ham,Let me know when you're free this weekend. We could go for a hike.
spam,Congratulations! You have won a $1500 prize! Click here to claim now.
spam,Get Viagra delivered to your door. Lowest prices guaranteed!
spam,Amazing news! You qualify for a free gift card. Click to get yours today!
spam,Hot singles in your area want to meet you! Click here.
ham,Your Chase subscription will renew on June 25.
spam,Make $50000 per week working from home! No experience needed. Sign up now.
spam,This is not a joke! You really won! Claim at click-here-now.com/offer.
ham,The sales sprint review is scheduled for Friday at 3:30 PM.
ham,FYI: The invoice has been approved by management.
ham,I'm running a bit late. Will be there in about 10 minutes.
ham,I'll be out of office from May 30 to May 10. Contact Mike for urgent matters.
spam,Make $1000 per week working from home! No experience needed. Sign up now.
spam,BREAKING: New government grant of $2000 available. Apply now!
ham,Your appointment with Dr. Amanda is confirmed for Sunday at 2:00 PM.
spam,Act now! This offer expires in 12 hours!
ham,Did you watch the product launch game last night? What a finish!
spam,Your Chase payment failed. Update billing info at tinyurl.com/xyz.
spam,Reply WIN to this message and get a free headphones instantly!
ham,Your appointment with Dr. Jessica is confirmed for Wednesday at 5:00 PM.
spam,Important: Update your Bank of America password now to avoid account closure.
spam,Buy supplements online at 80% discount! No prescription needed.
spam,Buy now and save up to 90%! Unbelievable deals at www.deals99.com/grab.
ham,Can we reschedule our 2:00 PM meeting? I have a conflict.
spam,Amazing news! You qualify for a free headphones. Click to get yours today!
ham,"This week in cloud computing: new features, updates, and community highlights."
ham,Congratulations on completing your engineering certification!
ham,Your Instagram account has been successfully created. Welcome!
ham,The project deadline has been extended to May 30. Please plan accordingly.
spam,Buy now and save up to 90%! Unbelievable deals at prize-claim.org/winner.
ham,Let's schedule a call to discuss the design project. Are you free Sunday?
spam,This is not a joke! You really won! Claim at prize-claim.org/winner.
ham,Your flight AA214 to Bahamas departs at 3:30 PM on August 3.
ham,FYI: The presentation slides has been approved by management.
spam,SALE SALE SALE! Everything must go! Up to 95% off!
ham,The exam schedule has been posted on the portal. Check your dates.
spam,Act now! This offer expires in 12 hours!
ham,HR has updated the leave policy. Check the intranet for details.
spam,Final notice: Claim your $1000000 prize before it expires today!
ham,Can we reschedule our 10:30 AM meeting? I have a conflict.
spam,You are the lucky winner of our $100000 grand prize! Act fast!
ham,Password changed successfully for your Google account.
spam,You are the lucky winner of our $10000 grand prize! Act fast!
spam,Double your income in 30 days! Secret method revealed. Click now.
spam,URGENT: Your bank account needs verification. Click here immediately.
ham,Welcome aboard! Your onboarding schedule is attached.
ham,The town hall has been confirmed for July 15 at Building B. Please RSVP.
ham,The data science deployment was successful. No issues reported so far.
ham,I'll be out of office from June 25 to August 10. Contact Robert for urgent matters.
ham,I found a great budget course online. Want to take it together?
spam,Cheap TV available now. Order today for express delivery!
ham,Reminder: Your designer bag warranty expires on March 15.
ham,I found a great analytics course online. Want to take it together?
spam,Final notice: Claim your $2000 prize before it expires today!
ham,Great work on the innovation presentation! The client was very impressed.
spam,"Dear user, your iPhone order is ready. Confirm at secure-verify.net/login."
ham,Your Bank of America order #689904 has been shipped. Estimated delivery: June 10.
spam,URGENT: You have won a brand new TV! Click the link to claim your prize.
spam,WARNING: Your computer has 10 viruses! Download antivirus now!
spam,Congratulations Robert! You've earned a free vacation to Cancun!
spam,Action required: Confirm your Apple account details or lose access.
spam,Security alert: Unusual login detected on your Bank of America account. Verify now.
ham,Welcome aboard! Your onboarding schedule is attached.
spam,Congratulations! You qualify for a $100000 loan at 0% interest!
spam,Final notice: Claim your $10000 prize before it expires today!
spam,Amazing news! You qualify for a free PS5. Click to get yours today!
ham,Just checking in. How are you doing? It's been a while since we caught up.
ham,Hey! Are you coming to Jessica's birthday party on Sunday?
ham,Thanks for dinner last night! We should do it again sometime.
ham,I'll be out of office from April 20 to August 10. Contact Jessica for urgent matters.
spam,URGENT: Your bank account needs verification. Click here immediately.
spam,BREAKING: New government grant of $1000 available. Apply now!
spam,Hot singles in your area want to meet you! Click here.
ham,Let's schedule a call to discuss the team building project. Are you free Thursday?
ham,The team lunch has been confirmed for June 25 at the cafeteria. Please RSVP.
ham,I'm running a bit late. Will be there in about 10 minutes.
spam,Security alert: Unusual login detected on your Chase account. Verify now.
ham,Your grade for the machine learning course has been posted. Check the portal.
ham,Congratulations on completing your project management certification!
spam,Flash sale! PS5 at 99% off. Only 3 left in stock!
ham,Did you watch the data science game last night? What a finish!
ham,The kids have a school event on Sunday. Can you make it?
ham,Reminder: Team standup at 5:00 PM. Please prepare your status updates.
ham,Your iCloud refund of $9.99 has been processed.
spam,Get rich quick! Invest $100000 today and earn $5000 tomorrow!
spam,Exclusive deal: Get Samsung Galaxy for FREE! Just pay shipping.
spam,Important: Update your iCloud password now to avoid account closure.
ham,Password changed successfully for your Chase account.
spam,Buy now and save up to 90%! Unbelievable deals at tinyurl.com/xyz.
ham,FYI: The design document has been approved by management.
spam,Get rich quick! Invest $1500 today and earn $50000 tomorrow!
ham,Could you please review the pull request I submitted for the budget module?
spam,Congratulations! You qualify for a $5000 loan at 0% interest!
spam,Hot singles in your area want to meet you! Click here.
ham,Your iCloud subscription will renew on December 1.
ham,Your flight AA214 to Paris departs at 11:00 AM on July 15.
ham,Don't forget to call mom today. It's her anniversary.
ham,Office hours this week: Wednesday from 5:00 PM to 6:00 PM. Room 113.
spam,Your Amazon payment failed. Update billing info at www.deals99.com/grab.
spam,Your credit score is excellent! Get a pre-approved $500 loan now.
spam,Meet beautiful women in your city tonight! Join free at www.deals99.com/grab.
ham,Registration for next semester opens on July 15. Plan your courses.
spam,Doctor recommended anti-aging cream now available without prescription!
ham,The design lecture has been moved to the main hall for this week.
ham,Our latest blog post on product launch is now live. Check it out!
ham,Let's schedule a call to discuss the quarterly report project. Are you free Saturday?
spam,Important: Update your Dropbox password now to avoid account closure.
spam,You're our 10th lucky winner this month! Win $100000 now.
ham,Join our upcoming webinar on cloud computing on Monday at 2:30 PM.
spam,Your account has been compromised! Verify your identity at tinyurl.com/xyz.
spam,Your Google payment failed. Update billing info at tinyurl.com/xyz.
spam,Your Google subscription gift card code: FREEXXXX. Redeem at tinyurl.com/xyz.
spam,Free money! Get $2000 deposited into your account today.
spam,Action required: Confirm your Amazon account details or lose access.
spam,Special offer: Xanax for only $9.99! Limited time deal.
ham,FYI: The status report has been approved by management.
ham,Your appointment with Dr. Daniel is confirmed for Wednesday at 11:00 AM.
spam,Final notice: Claim your $100000 prize before it expires today!
spam,Lose 15lbs in 30 days! Revolutionary weight loss pill.
ham,The library will be closed on Saturday for maintenance.
spam,Buy now and save up to 90%! Unbelievable deals at bit.ly/abc123.
ham,Please find attached the status report for your review. Let me know if you have any questions.
ham,Reminder: Your headphones warranty expires on October 20.
spam,Congratulations James! You've earned a free vacation to Caribbean!
ham,HR has updated the leave policy. Check the intranet for details.
ham,Our latest blog post on marketing strategy is now live. Check it out!
ham,I've updated the quarterly report with the latest changes. Please review and approve.
spam,Final notice: Claim your $50000 prize before it expires today!
spam,Congratulations! You qualify for a $5000 loan at 0% interest!
spam,Important: Update your Dropbox password now to avoid account closure.
spam,Act now! This offer expires in 12 hours!
spam,Free money! Get $5000 deposited into your account today.
ham,Reminder: Team standup at 3:00 PM. Please prepare your status updates.
spam,Amazing news! You qualify for a free Nintendo Switch. Click to get yours today!
ham,I saw this article about marketing strategy and thought you might find it interesting.
spam,WARNING: Your computer has 7 viruses! Download antivirus now!
ham,The library will be closed on Monday for maintenance.
ham,"Hi, I wanted to follow up on our conversation about the engineering initiative."
ham,I found a great design course online. Want to take it together?
spam,Exclusive deal: Get headphones for FREE! Just pay shipping.
ham,Monthly digest: Top blockchain trends and insights for April.
spam,Your credit score is excellent! Get a pre-approved $2000 loan now.
spam,Your credit score is excellent! Get a pre-approved $10000 loan now.
spam,You have 3 unread messages from singles near you!
ham,Don't forget to call mom today. It's her anniversary.
ham,Our latest blog post on product launch is now live. Check it out!
ham,Happy birthday! Wishing you a wonderful year ahead!
spam,BREAKING: New government grant of $100000 available. Apply now!
ham,"Hi, I wanted to follow up on our conversation about the project management initiative."
ham,Please find attached the budget proposal for your review. Let me know if you have any questions.
ham,The project deadline has been extended to April 20. Please plan accordingly.
spam,WARNING: Your computer has 10 viruses! Download antivirus now!
spam,Buy supplements online at 80% discount! No prescription needed.
spam,Flash sale! voucher at 99% off. Only 10 left in stock!
spam,Reply WIN to this message and get a free Samsung Galaxy instantly!
spam,Your Facebook account will be suspended. Verify at prize-claim.org/winner immediately.
ham,I found a great project management course online. Want to take it together?
ham,The exam schedule has been posted on the portal. Check your dates.
ham,We need to renew the car insurance by May 30. Can you handle it?
spam,Reply WIN to this message and get a free voucher instantly!
ham,Can we reschedule our 2:30 PM meeting? I have a conflict.
spam,Security alert: Unusual login detected on your Netflix account. Verify now.
spam,Your Chase payment failed. Update billing info at click-here-now.com/offer.
ham,The data science lecture has been moved to the cafeteria for this week.
spam,Get weight loss pills delivered to your door. Lowest prices guaranteed!
spam,Congratulations Jessica! You've earned a free vacation to London!
spam,Special offer: protein powder for only $29.99! Limited time deal.
ham,I'm running a bit late. Will be there in about 20 minutes.
spam,Your Amazon subscription gift card code: FREEXXXX. Redeem at click-here-now.com/offer.
spam,Free trial of Chase! No credit card required. Sign up at secure-verify.net/login.
spam,Congratulations John! You've earned a free vacation to Hawaii!
spam,Special offer: CBD oil for only $29.99! Limited time deal.
ham,Monthly digest: Top sales trends and insights for March.
ham,Hey! Are you coming to Jessica's birthday party on Friday?
spam,Earn $1000000 daily with this simple trick. Guaranteed income!
spam,This is not a joke! You really won! Claim at tinyurl.com/xyz.
spam,Get CBD oil delivered to your door. Lowest prices guaranteed!
ham,I've updated the design document with the latest changes. Please review and approve.
spam,Lose 25lbs in 21 days! Revolutionary weight loss pill.
spam,This is not a joke! You really won! Claim at bit.ly/abc123.
ham,I saw this article about customer feedback and thought you might find it interesting.
ham,"Hi, I wanted to follow up on our conversation about the project management initiative."
ham,The kids have a school event on Tuesday. Can you make it?
spam,Exclusive deal: Get smartwatch for FREE! Just pay shipping.
ham,FYI: The status report has been approved by management.
ham,FYI: The proposal has been approved by management.
ham,Community update: We've reached 50 members! Thank you for your support.
ham,Your Dropbox subscription will renew on May 5.
ham,I'm running a bit late. Will be there in about 30 minutes.
ham,Your grade for the product launch course has been posted. Check the portal.
ham,Happy birthday! Wishing you a wonderful year ahead!
ham,FYI: The presentation slides has been approved by management.
ham,The analytics workshop has 7 seats remaining. Register soon.
ham,Your iCloud account has been successfully created. Welcome!
ham,Your flight AA878 to Bahamas departs at 9:00 AM on April 20.
ham,Your Instagram account has been successfully created. Welcome!
ham,I'm running a bit late. Will be there in about 10 minutes.
spam,Your package is waiting! Track it at prize-claim.org/winner. Delivery fee: $29.99.
spam,This is not a joke! You really won! Claim at tinyurl.com/xyz.
ham,HR has updated the leave policy. Check the intranet for details.
spam,Action required: Confirm your Apple account details or lose access.
ham,Hey! Are you coming to Mike's birthday party on Sunday?
spam,Your package is waiting! Track it at secure-verify.net/login. Delivery fee: $9.99.
spam,Get anti-aging cream delivered to your door. Lowest prices guaranteed!
spam,WINNER! You've been selected to receive a $500 gift card. Claim immediately!
spam,You are the lucky winner of our $5000 grand prize! Act fast!
spam,Buy now and save up to 90%! Unbelievable deals at tinyurl.com/xyz.
spam,Security alert: Unusual login detected on your Instagram account. Verify now.
spam,Your email has won $2000 in our international lottery. Reply to collect.
spam,Doctor recommended Cialis now available without prescription!
ham,"Dear students, the project management assignment is due on April 1. No extensions."
ham,Our latest blog post on budget is now live. Check it out!
ham,Office hours this week: Saturday from 5:00 PM to 1:00 PM. Room 116.
spam,Your package is waiting! Track it at prize-claim.org/winner. Delivery fee: $9.99.
spam,BREAKING: New government grant of $1000000 available. Apply now!
spam,Your Instagram payment failed. Update billing info at prize-claim.org/winner.
ham,Join our upcoming webinar on project management on Thursday at 10:30 AM.
spam,Congratulations! You qualify for a $2000 loan at 0% interest!
spam,Lose 25lbs in 7 days! Revolutionary weight loss pill.
ham,Did you watch the project management game last night? What a finish!
spam,Buy now and save up to 90%! Unbelievable deals at tinyurl.com/xyz.
ham,Thanks for dinner last night! We should do it again sometime.
spam,"FREE iPhone for the first 100 customers! Hurry, limited stock!"
ham,I saw this article about project management and thought you might find it interesting.
ham,Registration for next semester opens on April 20. Plan your courses.
ham,Please find attached the project plan for your review. Let me know if you have any questions.
spam,You are the lucky winner of our $1000000 grand prize! Act fast!
ham,Our latest blog post on Python is now live. Check it out!
spam,URGENT: You have won a brand new voucher! Click the link to claim your prize.
spam,Congratulations! You have won a $2000 prize! Click here to claim now.
spam,Unsubscribe? You'll miss out on $100000 worth of free gifts!
ham,I found a great quarterly report course online. Want to take it together?
spam,Doctor recommended vitamins now available without prescription!
ham,Let's schedule a call to discuss the innovation project. Are you free Monday?
spam,Free money! Get $500 deposited into your account today.
ham,Please submit your research proposal by November 5. Format guidelines attached.
spam,Your email has won $1000000 in our international lottery. Reply to collect.
ham,Reminder: Our dentist appointment is on Sunday at 3:00 PM.
spam,Double your income in 30 days! Secret method revealed. Click now.
spam,Unsubscribe? You'll miss out on $50000 worth of free gifts!
ham,Hey! Are you coming to Ashley's birthday party on Friday?
ham,Password changed successfully for your Dropbox account.
spam,Act now! This offer expires in 48 hours!
ham,I've updated the contract with the latest changes. Please review and approve.
ham,Thanks for dinner last night! We should do it again sometime.
spam,Security alert: Unusual login detected on your iCloud account. Verify now.
spam,URGENT: Your bank account needs verification. Click here immediately.
spam,Your Facebook account will be suspended. Verify at prize-claim.org/winner immediately.
ham,Please submit your research proposal by October 20. Format guidelines attached.
ham,Can you pick up laptop from the store on your way home?
ham,The library will be closed on Monday for maintenance.
ham,Our latest blog post on data science is now live. Check it out!
spam,Get Cialis delivered to your door. Lowest prices guaranteed!
spam,URGENT: Your bank account needs verification. Click here immediately.
ham,Our latest blog post on team building is now live. Check it out!
ham,Please complete the quarterly performance review by May 30.
spam,Action required: Confirm your Google account details or lose access.
spam,SALE SALE SALE! Everything must go! Up to 95% off!
spam,You're our 1000th lucky winner this month! Win $1000000 now.
ham,Monthly digest: Top blockchain trends and insights for February.
spam,Your Microsoft account will be suspended. Verify at click-here-now.com/offer immediately.
ham,Your flight AA538 to Tokyo departs at 10:30 AM on November 5.
ham,The product launch lecture has been moved to the cafeteria for this week.
spam,You have 10 unread messages from singles near you!
ham,"Dear students, the sales assignment is due on May 30. No extensions."
spam,Your credit score is excellent! Get a pre-approved $100000 loan now.
ham,Our latest blog post on cloud computing is now live. Check it out!
spam,Your Spotify account will be suspended. Verify at click-here-now.com/offer immediately.
spam,Your package is waiting! Track it at click-here-now.com/offer. Delivery fee: $4.99.
spam,You have 10 unread messages from singles near you!
ham,Sending you the recipe you asked for. Let me know how it turns out!
ham,"Hi, I wanted to follow up on our conversation about the innovation initiative."
ham,I saw this article about team building and thought you might find it interesting.
spam,Earn $1000 daily with this simple trick. Guaranteed income!
spam,Your LinkedIn subscription gift card code: FREEXXXX. Redeem at prize-claim.org/winner.
spam,Important: Update your PayPal password now to avoid account closure.
ham,Reminder: Your PS5 warranty expires on May 5.
ham,Your monthly Amazon statement is ready. Log in to view.
ham,I'll be out of office from June 25 to March 20. Contact David for urgent matters.
spam,Your email has won $100000 in our international lottery. Reply to collect.
spam,Lose 10lbs in 30 days! Revolutionary weight loss pill.
ham,Can you pick up TV from the store on your way home?
ham,The library will be closed on Thursday for maintenance.
spam,Your account has been compromised! Verify your identity at tinyurl.com/xyz.
ham,The project management deployment was successful. No issues reported so far.
spam,Congratulations Ashley! You've earned a free vacation to Dubai!
ham,Please find attached the meeting notes for your review. Let me know if you have any questions.
spam,Congratulations James! You've earned a free vacation to Tokyo!
spam,Get anti-aging cream delivered to your door. Lowest prices guaranteed!
spam,Reply WIN to this message and get a free smartwatch instantly!
spam,URGENT: You have won a brand new diamond ring! Click the link to claim your prize.
spam,This is not a joke! You really won! Claim at click-here-now.com/offer.
spam,Lose 15lbs in 30 days! Revolutionary weight loss pill.
spam,Important: Update your Bank of America password now to avoid account closure.
spam,Act now! This offer expires in 24 hours!
ham,Reminder: Team standup at 9:00 AM. Please prepare your status updates.
spam,Get rich quick! Invest $50000 today and earn $5000 tomorrow!
spam,You are the lucky winner of our $10000 grand prize! Act fast!
spam,WINNER! You've been selected to receive a $1000 gift card. Claim immediately!
ham,Monthly digest: Top marketing strategy trends and insights for January.
ham,Your Google refund of $9.99 has been processed.
spam,Buy now and save up to 90%! Unbelievable deals at prize-claim.org/winner.
ham,HR has updated the leave policy. Check the intranet for details.
spam,Double your income in 30 days! Secret method revealed. Click now.
ham,Registration for next semester opens on April 20. Plan your courses.
spam,Unsubscribe? You'll miss out on $2000 worth of free gifts!
ham,I'm running a bit late. Will be there in about 10 minutes.
ham,Reminder: Your TV warranty expires on October 20.
spam,Important: Update your Netflix password now to avoid account closure.
spam,Congratulations Daniel! You've earned a free vacation to Bahamas!
ham,The conference has been confirmed for May 30 at the auditorium. Please RSVP.
spam,Congratulations! You qualify for a $1000 loan at 0% interest!
ham,The exam schedule has been posted on the portal. Check your dates.
spam,"Dear user, your Samsung Galaxy order is ready. Confirm at www.deals99.com/grab."
ham,FYI: The presentation slides has been approved by management.
spam,Congratulations! You have won a $100000 prize! Click here to claim now.
ham,Please complete the quarterly performance review by July 15.
spam,BREAKING: New government grant of $100000 available. Apply now!
ham,Monthly digest: Top data science trends and insights for December.
spam,Unsubscribe? You'll miss out on $1500 worth of free gifts!
spam,Your package is waiting! Track it at prize-claim.org/winner. Delivery fee: $14.99.
ham,Please complete the quarterly performance review by May 5.
ham,Your flight AA878 to Caribbean departs at 9:00 AM on May 30.
ham,Happy birthday! Wishing you a wonderful year ahead!
ham,"Dear students, the data science assignment is due on June 10. No extensions."
spam,Shocking secret the banks don't want you to know! Click to reveal.
ham,"Hi team, the meeting has been rescheduled to 4:00 PM tomorrow. Please update your calendars."
spam,Buy now and save up to 90%! Unbelievable deals at bit.ly/abc123.
ham,Your appointment with Dr. Sarah is confirmed for Thursday at 11:00 AM.
ham,Did you watch the security game last night? What a finish!
spam,Security alert: Unusual login detected on your Microsoft account. Verify now.
ham,Just checking in. How are you doing? It's been a while since we caught up.
ham,"This week in security: new features, updates, and community highlights."
spam,Your Amazon subscription gift card code: FREEXXXX. Redeem at secure-verify.net/login.
spam,"Dear user, your PS5 order is ready. Confirm at prize-claim.org/winner."
spam,Doctor recommended protein powder now available without prescription!
spam,Earn $1000000 daily with this simple trick. Guaranteed income!
spam,Buy now and save up to 90%! Unbelievable deals at bit.ly/abc123.
ham,The exam schedule has been posted on the portal. Check your dates.
ham,Your Instagram order #363656 has been shipped. Estimated delivery: August 3.
ham,Your Amazon subscription will renew on October 20.
ham,FYI: The presentation slides has been approved by management.
ham,The quarterly report workshop has 3 seats remaining. Register soon.
ham,The project deadline has been extended to June 10. Please plan accordingly.
spam,Important: Update your Spotify password now to avoid account closure.
ham,The project deadline has been extended to June 10. Please plan accordingly.
ham,Thanks for dinner last night! We should do it again sometime.
spam,Hot singles in your area want to meet you! Click here.
spam,Amazing news! You qualify for a free iPhone. Click to get yours today!
ham,Let me know when you're free this weekend. We could go for a hike.
spam,You're our 1st lucky winner this month! Win $5000 now.
spam,Earn $5000 daily with this simple trick. Guaranteed income!
ham,"Hi, I wanted to follow up on our conversation about the security initiative."
ham,Let's schedule a call to discuss the team building project. Are you free Monday?
spam,Your account has been compromised! Verify your identity at prize-claim.org/winner.
ham,The town hall has been confirmed for June 10 at the cafeteria. Please RSVP.
ham,Can you pick up TV from the store on your way home?
spam,URGENT: You have won a brand new Rolex watch! Click the link to claim your prize.
ham,I found a great product launch course online. Want to take it together?
ham,The budget workshop has 15 seats remaining. Register soon.
spam,SALE SALE SALE! Everything must go! Up to 95% off!
spam,Unsubscribe? You'll miss out on $1500 worth of free gifts!
ham,Reminder: Our dentist appointment is on Monday at 3:30 PM.
ham,Reminder: Team standup at 11:00 AM. Please prepare your status updates.
spam,Your Microsoft account will be suspended. Verify at secure-verify.net/login immediately.
ham,Your flight AA105 to Paris departs at 3:30 PM on November 5.
ham,Your appointment with Dr. Sarah is confirmed for Wednesday at 1:00 PM.
ham,Please find attached the presentation slides for your review. Let me know if you have any questions.
ham,I'm running a bit late. Will be there in about 10 minutes.
spam,Double your income in 30 days! Secret method revealed. Click now.
spam,Cheap smartwatch available now. Order today for express delivery!
ham,Community update: We've reached 7 members! Thank you for your support.
spam,Action required: Confirm your LinkedIn account details or lose access.
spam,Congratulations! You qualify for a $10000 loan at 0% interest!
ham,Our latest blog post on sustainability is now live. Check it out!
ham,Reminder: Our dentist appointment is on Sunday at 5:00 PM.
spam,Congratulations! You qualify for a $100000 loan at 0% interest!
ham,Your flight AA402 to Paris departs at 1:00 PM on June 10.
ham,Community update: We've reached 7 members! Thank you for your support.
ham,Password changed successfully for your Microsoft account.
spam,Earn $2000 daily with this simple trick. Guaranteed income!
spam,Meet beautiful people in your city tonight! Join free at bit.ly/abc123.
ham,Can we reschedule our 11:00 AM meeting? I have a conflict.
spam,Special offer: Ambien for only $9.99! Limited time deal.
spam,Important: Update your Microsoft password now to avoid account closure.
ham,The exam schedule has been posted on the portal. Check your dates.
ham,FYI: The budget proposal has been approved by management.
ham,Let's schedule a call to discuss the Python project. Are you free Wednesday?
ham,Your iCloud account has been successfully created. Welcome!
ham,Your iCloud order #104420 has been shipped. Estimated delivery: July 1.
ham,The training session has been confirmed for April 20 at Google Meet. Please RSVP.
ham,Just checking in. How are you doing? It's been a while since we caught up.
spam,Shocking secret the banks don't want you to know! Click to reveal.
spam,This is not a joke! You really won! Claim at secure-verify.net/login.
ham,Let me know when you're free this weekend. We could go for a hike.
spam,Flash sale! camera at 99% off. Only 500 left in stock!
ham,I've updated the spreadsheet with the latest changes. Please review and approve.
spam,Your Netflix subscription gift card code: FREEXXXX. Redeem at bit.ly/abc123.
ham,HR has updated the leave policy. Check the intranet for details.
spam,You have 3 unread messages from singles near you!
ham,I saw this article about marketing strategy and thought you might find it interesting.
spam,Congratulations Robert! You've earned a free vacation to Bahamas!
ham,Thanks for dinner last night! We should do it again sometime.
spam,Cheap laptop available now. Order today for express delivery!
spam,Your credit score is excellent! Get a pre-approved $5000 loan now.
ham,Your Chase subscription will renew on November 5.
spam,Your account has been compromised! Verify your identity at tinyurl.com/xyz.
spam,WARNING: Your computer has 15 viruses! Download antivirus now!
spam,URGENT: You have won a brand new iPad! Click the link to claim your prize.
spam,WARNING: Your computer has 500 viruses! Download antivirus now!
spam,Cheap smartwatch available now. Order today for express delivery!
spam,Free trial of Spotify! No credit card required. Sign up at prize-claim.org/winner.
spam,Congratulations! You qualify for a $1000000 loan at 0% interest!
spam,"FREE Xbox for the first 100 customers! Hurry, limited stock!"
spam,This is not a joke! You really won! Claim at www.deals99.com/grab.
spam,Buy Xanax online at 80% discount! No prescription needed.
ham,"This week in engineering: new features, updates, and community highlights."
ham,We need to renew the car insurance by April 1. Can you handle it?
ham,HR has updated the leave policy. Check the intranet for details.
spam,This is not a joke! You really won! Claim at tinyurl.com/xyz.
spam,Meet beautiful women in your city tonight! Join free at click-here-now.com/offer.
spam,Special offer: Cialis for only $29.99! Limited time deal.
spam,Amazing news! You qualify for a free diamond ring. Click to get yours today!
spam,Earn $1500 daily with this simple trick. Guaranteed income!
spam,BREAKING: New government grant of $50000 available. Apply now!
spam,Security alert: Unusual login detected on your iCloud account. Verify now.
ham,"Hi team, the meeting has been rescheduled to 5:00 PM tomorrow. Please update your calendars."
ham,Your appointment with Dr. Mike is confirmed for Saturday at 4:00 PM.
ham,Your Netflix account has been successfully created. Welcome!
ham,Sending you the recipe you asked for. Let me know how it turns out!
ham,Just checking in. How are you doing? It's been a while since we caught up.
spam,Your credit score is excellent! Get a pre-approved $500 loan now.
ham,"Hi team, the meeting has been rescheduled to 11:00 AM tomorrow. Please update your calendars."
ham,Please submit your research proposal by May 30. Format guidelines attached.
spam,Congratulations Jennifer! You've earned a free vacation to Caribbean!
ham,Great work on the cloud computing presentation! The client was very impressed.
spam,WARNING: Your computer has 1000 viruses! Download antivirus now!
spam,WINNER! You've been selected to receive a $500 gift card. Claim immediately!
spam,Final notice: Claim your $500 prize before it expires today!
spam,Doctor recommended anti-aging cream now available without prescription!
ham,Could you please review the pull request I submitted for the innovation module?
spam,Exclusive deal: Get headphones for FREE! Just pay shipping.
ham,Don't forget to call mom today. It's her anniversary.
ham,"Hi, I wanted to follow up on our conversation about the cloud computing initiative."
ham,Reminder: Our dentist appointment is on Monday at 11:00 AM.
spam,WINNER! You've been selected to receive a $1000000 gift card. Claim immediately!
ham,HR has updated the leave policy. Check the intranet for details.
spam,Amazing news! You qualify for a free voucher. Click to get yours today!
ham,The project deadline has been extended to October 20. Please plan accordingly.
ham,I'm running a bit late. Will be there in about 20 minutes.
ham,Please submit your research proposal by October 20. Format guidelines attached.
ham,Your appointment with Dr. David is confirmed for Saturday at 10:30 AM.
spam,Hot singles in your area want to meet you! Click here.
ham,Can you send me the invoice by end of day? We need it for the client presentation.
spam,You've been specially selected for this exclusive offer. Don't miss out!
ham,I found a great engineering course online. Want to take it together?
spam,Shocking secret the banks don't want you to know! Click to reveal.
ham,Please find attached the budget proposal for your review. Let me know if you have any questions.
spam,Unsubscribe? You'll miss out on $10000 worth of free gifts!
spam,Hot singles in your area want to meet you! Click here.
ham,Community update: We've reached 10 members! Thank you for your support.
spam,Work from home and earn $50000/hour! No skills needed.
spam,WARNING: Your computer has 50 viruses! Download antivirus now!
ham,Don't forget to call mom today. It's her anniversary.
ham,Can we reschedule our 3:30 PM meeting? I have a conflict.
spam,Doctor recommended Ambien now available without prescription!
spam,You've been specially selected for this exclusive offer. Don't miss out!
ham,Let me know when you're free this weekend. We could go for a hike.
ham,I've updated the invoice with the latest changes. Please review and approve.
spam,You're our 3rd lucky winner this month! Win $2000 now.
ham,The customer feedback workshop has 10 seats remaining. Register soon.
ham,I'll be out of office from May 5 to July 5. Contact Daniel for urgent matters.
spam,Free money! Get $1000000 deposited into your account today.
spam,Hot singles in your area want to meet you! Click here.
spam,Get rich quick! Invest $50000 today and earn $50000 tomorrow!
ham,"Dear students, the data science assignment is due on May 30. No extensions."
spam,Meet beautiful women in your city tonight! Join free at secure-verify.net/login.
spam,Congratulations! You qualify for a $10000 loan at 0% interest!
spam,Act now! This offer expires in 24 hours!
ham,Hey! Are you coming to Daniel's birthday party on Tuesday?
spam,WINNER! You've been selected to receive a $1000 gift card. Claim immediately!
spam,Your account has been compromised! Verify your identity at prize-claim.org/winner.
spam,Important: Update your Microsoft password now to avoid account closure.
spam,BREAKING: New government grant of $2000 available. Apply now!
spam,"Dear user, your designer bag order is ready. Confirm at prize-claim.org/winner."
ham,Please complete the quarterly performance review by September 12.
spam,Exclusive deal: Get Nintendo Switch for FREE! Just pay shipping.
ham,Your Instagram refund of $4.99 has been processed.
ham,The project deadline has been extended to May 30. Please plan accordingly.
spam,Double your income in 30 days! Secret method revealed. Click now.
ham,The AI lecture has been moved to Zoom for this week.
ham,Password changed successfully for your LinkedIn account.
ham,Can we reschedule our 1:00 PM meeting? I have a conflict.
spam,Your Microsoft payment failed. Update billing info at bit.ly/abc123.
ham,Your Wells Fargo subscription will renew on March 15.
ham,We need to renew the car insurance by July 1. Can you handle it?
ham,The analytics lecture has been moved to the main hall for this week.
spam,Congratulations! You qualify for a $50000 loan at 0% interest!
spam,Congratulations Amanda! You've earned a free vacation to London!
spam,Your credit score is excellent! Get a pre-approved $50000 loan now.
ham,HR has updated the leave policy. Check the intranet for details.
spam,Buy now and save up to 90%! Unbelievable deals at prize-claim.org/winner.
ham,Registration for next semester opens on May 5. Plan your courses.
ham,Monthly digest: Top marketing strategy trends and insights for September.
spam,Double your income in 30 days! Secret method revealed. Click now.
ham,The offsite has been confirmed for May 5 at Room 302. Please RSVP.
ham,Join our upcoming webinar on marketing strategy on Thursday at 11:00 AM.
spam,Shocking secret the banks don't want you to know! Click to reveal.
spam,Security alert: Unusual login detected on your Amazon account. Verify now.
ham,"Hi, I wanted to follow up on our conversation about the customer feedback initiative."
ham,FYI: The quarterly report has been approved by management.
ham,Community update: We've reached 100 members! Thank you for your support.
spam,"FREE voucher for the first 100 customers! Hurry, limited stock!"
spam,Earn $50000 daily with this simple trick. Guaranteed income!
ham,I'm running a bit late. Will be there in about 15 minutes.
spam,Get Cialis delivered to your door. Lowest prices guaranteed!
spam,Click here for a surprise gift! You won't believe what's inside!
ham,Reminder: Team standup at 10:30 AM. Please prepare your status updates.
ham,Join our upcoming webinar on engineering on Sunday at 4:00 PM.
spam,Work from home and earn $1000/hour! No skills needed.
ham,Welcome aboard! Your onboarding schedule is attached.
ham,Monthly digest: Top quarterly report trends and insights for March.
spam,Reply WIN to this message and get a free laptop instantly!
ham,I'm running a bit late. Will be there in about 20 minutes.
ham,Congratulations on completing your Python certification!
ham,Don't forget to call mom today. It's her anniversary.
spam,Shocking secret the banks don't want you to know! Click to reveal.
spam,Final notice: Claim your $100000 prize before it expires today!
spam,Double your income in 30 days! Secret method revealed. Click now.
ham,Your grade for the design course has been posted. Check the portal.
ham,I'm running a bit late. Will be there in about 30 minutes.
ham,Community update: We've reached 15 members! Thank you for your support.
ham,Can you pick up smartwatch from the store on your way home?
spam,This is not a joke! You really won! Claim at tinyurl.com/xyz.
ham,I saw this article about sustainability and thought you might find it interesting.
spam,SALE SALE SALE! Everything must go! Up to 95% off!
ham,Your Spotify refund of $14.99 has been processed.
ham,Please submit your research proposal by August 3. Format guidelines attached.
ham,Your monthly Instagram statement is ready. Log in to view.
ham,Can you pick up diamond ring from the store on your way home?
spam,Last chance! Buy one get one free on all iPad!
spam,Congratulations! You have won a $50000 prize! Click here to claim now.
spam,Get rich quick! Invest $10000 today and earn $10000 tomorrow!
ham,"Hi, I wanted to follow up on our conversation about the marketing strategy initiative."
ham,The library will be closed on Friday for maintenance.
ham,Monthly digest: Top engineering trends and insights for July.
ham,I found a great machine learning course online. Want to take it together?
spam,Act now! This offer expires in 48 hours!
spam,Your Amazon payment failed. Update billing info at secure-verify.net/login.
spam,Amazing news! You qualify for a free TV. Click to get yours today!
ham,Registration for next semester opens on May 30. Plan your courses.
ham,Your PayPal subscription will renew on June 10.
ham,Sending you the recipe you asked for. Let me know how it turns out!
spam,Security alert: Unusual login detected on your Amazon account. Verify now.
spam,Congratulations! You qualify for a $1000 loan at 0% interest!
ham,Happy birthday! Wishing you a wonderful year ahead!
ham,Welcome aboard! Your onboarding schedule is attached.
spam,Get Xanax delivered to your door. Lowest prices guaranteed!
spam,You've been specially selected for this exclusive offer. Don't miss out!
ham,Just checking in. How are you doing? It's been a while since we caught up.
ham,Monthly digest: Top analytics trends and insights for January.
ham,The design workshop has 5 seats remaining. Register soon.
ham,The project deadline has been extended to October 20. Please plan accordingly.
ham,Join our upcoming webinar on blockchain on Saturday at 2:30 PM.
spam,SALE SALE SALE! Everything must go! Up to 95% off!
spam,Act now! This offer expires in 2 hours!
ham,The Python workshop has 7 seats remaining. Register soon.
spam,Action required: Confirm your Wells Fargo account details or lose access.
spam,Free trial of Microsoft! No credit card required. Sign up at prize-claim.org/winner.
ham,Did you watch the budget game last night? What a finish!
ham,Hey! Are you coming to David's birthday party on Wednesday?
ham,Your Google refund of $14.99 has been processed.
ham,Hey! Are you coming to John's birthday party on Wednesday?
ham,FYI: The design document has been approved by management.
ham,Reminder: Our dentist appointment is on Friday at 9:00 AM.
spam,Free trial of Dropbox! No credit card required. Sign up at bit.ly/abc123.
spam,You're our 5th lucky winner this month! Win $1500 now.
ham,Great work on the quarterly report presentation! The client was very impressed.
spam,Make $50000 per week working from home! No experience needed. Sign up now.
spam,You are the lucky winner of our $1500 grand prize! Act fast!
spam,Special offer: CBD oil for only $4.99! Limited time deal.
spam,Shocking secret the banks don't want you to know! Click to reveal.
ham,I'm running a bit late. Will be there in about 20 minutes.
spam,Free trial of Apple! No credit card required. Sign up at www.deals99.com/grab.
spam,Free money! Get $50000 deposited into your account today.
spam,Your credit score is excellent! Get a pre-approved $5000 loan now.
ham,Your Apple order #363656 has been shipped. Estimated delivery: May 30.
ham,Happy birthday! Wishing you a wonderful year ahead!
spam,Buy now and save up to 90%! Unbelievable deals at bit.ly/abc123.
spam,You're our 5th lucky winner this month! Win $1000000 now.
ham,Let's schedule a call to discuss the blockchain project. Are you free Friday?
spam,You're our 1st lucky winner this month! Win $5000 now.
spam,Free money! Get $50000 deposited into your account today.
ham,Your appointment with Dr. Robert is confirmed for Monday at 3:30 PM.
ham,Your flight AA538 to Cancun departs at 9:00 AM on April 20.
ham,Your appointment with Dr. Sarah is confirmed for Tuesday at 2:30 PM.
ham,The kids have a school event on Wednesday. Can you make it?
ham,"Hi, I wanted to follow up on our conversation about the Python initiative."
spam,Free money! Get $500 deposited into your account today.
spam,BREAKING: New government grant of $1000 available. Apply now!
ham,Happy birthday! Wishing you a wonderful year ahead!
spam,This is not a joke! You really won! Claim at bit.ly/abc123.
ham,HR has updated the leave policy. Check the intranet for details.
spam,Your Google subscription gift card code: FREEXXXX. Redeem at tinyurl.com/xyz.
ham,Password changed successfully for your Instagram account.
spam,WARNING: Your computer has 3 viruses! Download antivirus now!
spam,Shocking secret the banks don't want you to know! Click to reveal.
ham,The security lecture has been moved to the main hall for this week.
ham,I'll be out of office from July 1 to August 10. Contact John for urgent matters.
spam,Buy now and save up to 90%! Unbelievable deals at click-here-now.com/offer.
spam,URGENT: You have won a brand new smartwatch! Click the link to claim your prize.
spam,Last chance! Buy one get one free on all Nintendo Switch!
spam,WINNER! You've been selected to receive a $100000 gift card. Claim immediately!
ham,Monthly digest: Top marketing strategy trends and insights for July.
spam,Meet beautiful women in your city tonight! Join free at bit.ly/abc123.
spam,Double your income in 30 days! Secret method revealed. Click now.
spam,Congratulations! You have won a $50000 prize! Click here to claim now.
ham,Let's schedule a call to discuss the customer feedback project. Are you free Sunday?
ham,Reminder: Your MacBook warranty expires on June 25.
ham,Sending you the recipe you asked for. Let me know how it turns out!
spam,Make $1500 per week working from home! No experience needed. Sign up now.
ham,Your monthly Spotify statement is ready. Log in to view.
spam,SALE SALE SALE! Everything must go! Up to 95% off!
spam,Click here for a surprise gift! You won't believe what's inside!
ham,The library will be closed on Thursday for maintenance.
spam,You are the lucky winner of our $100000 grand prize! Act fast!
spam,Free money! Get $1000 deposited into your account today.
ham,The marketing strategy sprint review is scheduled for Monday at 3:30 PM.
spam,WINNER! You've been selected to receive a $1000 gift card. Claim immediately!
spam,"Dear user, your MacBook order is ready. Confirm at bit.ly/abc123."
spam,SALE SALE SALE! Everything must go! Up to 95% off!
spam,Click here for a surprise gift! You won't believe what's inside!
ham,Monthly digest: Top sales trends and insights for December.
ham,Let's schedule a call to discuss the project management project. Are you free Friday?
ham,"Hi team, the meeting has been rescheduled to 11:00 AM tomorrow. Please update your calendars."
spam,Earn $5000 daily with this simple trick. Guaranteed income!
spam,Last chance! Buy one get one free on all Nintendo Switch!
ham,I'm running a bit late. Will be there in about 20 minutes.
ham,I saw this article about team building and thought you might find it interesting.
ham,Join our upcoming webinar on sustainability on Wednesday at 11:00 AM.
ham,Please complete the quarterly performance review by June 10.
ham,Thanks for sending the project plan. Everything looks good to me.
spam,Your email has won $2000 in our international lottery. Reply to collect.
ham,Thanks for dinner last night! We should do it again sometime.
ham,Thanks for sending the status report. Everything looks good to me.
ham,Can you pick up iPad from the store on your way home?
spam,Amazing news! You qualify for a free headphones. Click to get yours today!
spam,Earn $1000000 daily with this simple trick. Guaranteed income!
ham,Thanks for dinner last night! We should do it again sometime.
spam,BREAKING: New government grant of $500 available. Apply now!
spam,Action required: Confirm your Instagram account details or lose access.
spam,Your Google subscription gift card code: FREEXXXX. Redeem at prize-claim.org/winner.
spam,Special offer: protein powder for only $29.99! Limited time deal.
spam,Earn $1500 daily with this simple trick. Guaranteed income!
ham,Hey! Are you coming to Robert's birthday party on Wednesday?
ham,"Hi team, the meeting has been rescheduled to 5:00 PM tomorrow. Please update your calendars."
spam,Your Chase payment failed. Update billing info at tinyurl.com/xyz.
spam,Exclusive deal: Get PS5 for FREE! Just pay shipping.
spam,Free trial of Wells Fargo! No credit card required. Sign up at tinyurl.com/xyz.
ham,Happy birthday! Wishing you a wonderful year ahead!
spam,Lose 20lbs in 30 days! Revolutionary weight loss pill.
ham,"Dear students, the team building assignment is due on May 30. No extensions."
ham,Just checking in. How are you doing? It's been a while since we caught up.
spam,Shocking secret the banks don't want you to know! Click to reveal.
spam,URGENT: Your bank account needs verification. Click here immediately.
ham,The exam schedule has been posted on the portal. Check your dates.
spam,"Dear user, your TV order is ready. Confirm at prize-claim.org/winner."
spam,Special offer: weight loss pills for only $14.99! Limited time deal.
spam,Reply WIN to this message and get a free laptop instantly!
spam,You have 500 unread messages from singles near you!
spam,Final notice: Claim your $10000 prize before it expires today!
spam,Reply WIN to this message and get a free voucher instantly!
ham,Great work on the budget presentation! The client was very impressed.
ham,Your monthly iCloud statement is ready. Log in to view.
ham,I'll be out of office from July 1 to March 20. Contact Amanda for urgent matters.
ham,Reminder: Your diamond ring warranty expires on March 15.
spam,WINNER! You've been selected to receive a $1000 gift card. Claim immediately!
ham,The conference has been confirmed for July 1 at the main hall. Please RSVP.
spam,WINNER! You've been selected to receive a $5000 gift card. Claim immediately!
ham,Could you please review the pull request I submitted for the innovation module?
ham,Your PayPal account has been successfully created. Welcome!
ham,Reminder: Team standup at 10:00 AM. Please prepare your status updates.
ham,Your Amazon subscription will renew on May 5.
spam,BREAKING: New government grant of $2000 available. Apply now!
spam,Get rich quick! Invest $1500 today and earn $5000 tomorrow!
ham,Our latest blog post on budget is now live. Check it out!
spam,Get CBD oil delivered to your door. Lowest prices guaranteed!
ham,Can you send me the presentation slides by end of day? We need it for the client presentation.
spam,Make $1500 per week working from home! No experience needed. Sign up now.
ham,Did you watch the quarterly report game last night? What a finish!
spam,WINNER! You've been selected to receive a $10000 gift card. Claim immediately!
ham,The team building lecture has been moved to Room 302 for this week.
spam,Hot singles in your area want to meet you! Click here.
spam,URGENT: You have won a brand new smartwatch! Click the link to claim your prize.
ham,Just checking in. How are you doing? It's been a while since we caught up.
spam,Security alert: Unusual login detected on your Instagram account. Verify now.
ham,Happy birthday! Wishing you a wonderful year ahead!
spam,WINNER! You've been selected to receive a $2000 gift card. Claim immediately!
ham,Your monthly Chase statement is ready. Log in to view.
spam,Click here for a surprise gift! You won't believe what's inside!
ham,Congratulations on completing your AI certification!
spam,Cheap laptop available now. Order today for express delivery!
spam,Your account has been compromised! Verify your identity at www.deals99.com/grab.
ham,Our latest blog post on sustainability is now live. Check it out!
ham,Your appointment with Dr. Jessica is confirmed for Saturday at 2:00 PM.
spam,Shocking secret the banks don't want you to know! Click to reveal.
spam,URGENT: You have won a brand new Samsung Galaxy! Click the link to claim your prize.
spam,Double your income in 30 days! Secret method revealed. Click now.
spam,Work from home and earn $500/hour! No skills needed.
ham,Happy birthday! Wishing you a wonderful year ahead!
ham,I'll be out of office from July 1 to May 10. Contact Lisa for urgent matters.
ham,The blockchain lecture has been moved to the cafeteria for this week.
spam,You have 500 unread messages from singles near you!
ham,FYI: The design document has been approved by management.
spam,Earn $1500 daily with this simple trick. Guaranteed income!
spam,WARNING: Your computer has 500 viruses! Download antivirus now!
spam,Your email has won $500 in our international lottery. Reply to collect.
ham,We need to renew the car insurance by May 30. Can you handle it?
spam,Meet beautiful men in your city tonight! Join free at secure-verify.net/login.
spam,You are the lucky winner of our $2000 grand prize! Act fast!
ham,Please find attached the budget proposal for your review. Let me know if you have any questions.
ham,Let me know when you're free this weekend. We could go for a hike.
spam,Your package is waiting! Track it at tinyurl.com/xyz. Delivery fee: $19.99.
ham,I've updated the spreadsheet with the latest changes. Please review and approve.
spam,"Dear user, your TV order is ready. Confirm at tinyurl.com/xyz."
ham,The AI deployment was successful. No issues reported so far.
spam,Exclusive deal: Get Samsung Galaxy for FREE! Just pay shipping.
ham,Sending you the recipe you asked for. Let me know how it turns out!
ham,Welcome aboard! Your onboarding schedule is attached.
ham,Your flight AA878 to Bali departs at 10:00 AM on April 1.
ham,Could you please review the pull request I submitted for the sustainability module?
spam,"Dear user, your headphones order is ready. Confirm at secure-verify.net/login."
ham,Can you send me the status report by end of day? We need it for the client presentation.
ham,Your Google subscription will renew on April 20.
spam,Your Amazon account will be suspended. Verify at prize-claim.org/winner immediately.
ham,Your monthly iCloud statement is ready. Log in to view.
spam,Cheap iPhone available now. Order today for express delivery!
spam,Congratulations! You have won a $2000 prize! Click here to claim now.
ham,Just checking in. How are you doing? It's been a while since we caught up.
spam,Unsubscribe? You'll miss out on $100000 worth of free gifts!
ham,Can you send me the spreadsheet by end of day? We need it for the client presentation.
ham,Reminder: Team standup at 3:00 PM. Please prepare your status updates.
ham,Receipt for your Google purchase of $9.99 on August 3.
ham,The cloud computing sprint review is scheduled for Sunday at 3:30 PM.
spam,Doctor recommended supplements now available without prescription!
spam,Congratulations Emily! You've earned a free vacation to Caribbean!
ham,"Hi, I wanted to follow up on our conversation about the design initiative."
spam,Final notice: Claim your $1000000 prize before it expires today!
spam,You're our 1000th lucky winner this month! Win $500 now.
ham,Let me know when you're free this weekend. We could go for a hike.
spam,Make $50000 per week working from home! No experience needed. Sign up now.
ham,The library will be closed on Monday for maintenance.
ham,We need to renew the car insurance by May 30. Can you handle it?
spam,Make $1000 per week working from home! No experience needed. Sign up now.
ham,Congratulations on completing your cloud computing certification!
spam,Your Wells Fargo payment failed. Update billing info at bit.ly/abc123.
ham,Could you please review the pull request I submitted for the design module?
ham,Join our upcoming webinar on AI on Sunday at 2:30 PM.
spam,"FREE gift card for the first 100 customers! Hurry, limited stock!"
ham,Thanks for dinner last night! We should do it again sometime.
ham,The kids have a school event on Thursday. Can you make it?
spam,Get CBD oil delivered to your door. Lowest prices guaranteed!
ham,Your Amazon subscription will renew on June 10.
ham,Office hours this week: Friday from 3:00 PM to 1:00 PM. Room 250.
ham,I'm running a bit late. Will be there in about 5 minutes.
spam,Free trial of Netflix! No credit card required. Sign up at secure-verify.net/login.
ham,Happy birthday! Wishing you a wonderful year ahead!
spam,You've been specially selected for this exclusive offer. Don't miss out!
ham,Let's schedule a call to discuss the engineering project. Are you free Friday?
spam,You have 1000 unread messages from singles near you!
spam,Get CBD oil delivered to your door. Lowest prices guaranteed!
ham,I've updated the meeting notes with the latest changes. Please review and approve.
ham,"Hi team, the meeting has been rescheduled to 10:00 AM tomorrow. Please update your calendars."
ham,Your Bank of America subscription will renew on May 30.
ham,Great work on the Python presentation! The client was very impressed.
ham,I've updated the proposal with the latest changes. Please review and approve.
ham,"Hi, I wanted to follow up on our conversation about the budget initiative."
ham,Community update: We've reached 500 members! Thank you for your support.
spam,Your credit score is excellent! Get a pre-approved $10000 loan now.
spam,Meet beautiful men in your city tonight! Join free at bit.ly/abc123.
ham,Join our upcoming webinar on design on Tuesday at 10:30 AM.
spam,Your package is waiting! Track it at secure-verify.net/login. Delivery fee: $14.99.
ham,"Hi team, the meeting has been rescheduled to 9:00 AM tomorrow. Please update your calendars."
ham,"This week in AI: new features, updates, and community highlights."
spam,Hot singles in your area want to meet you! Click here.
spam,Cheap designer bag available now. Order today for express delivery!
spam,Final notice: Claim your $1000000 prize before it expires today!
spam,Last chance! Buy one get one free on all camera!
spam,WINNER! You've been selected to receive a $10000 gift card. Claim immediately!
spam,Your Microsoft payment failed. Update billing info at secure-verify.net/login.
ham,Sending you the recipe you asked for. Let me know how it turns out!
ham,Your monthly Netflix statement is ready. Log in to view.
spam,Get supplements delivered to your door. Lowest prices guaranteed!
ham,The Python workshop has 50 seats remaining. Register soon.
ham,Your monthly PayPal statement is ready. Log in to view.
spam,Action required: Confirm your Bank of America account details or lose access.
ham,Reminder: Team standup at 3:00 PM. Please prepare your status updates.
ham,The project deadline has been extended to May 5. Please plan accordingly.
ham,Welcome aboard! Your onboarding schedule is attached.
spam,Security alert: Unusual login detected on your Spotify account. Verify now.
ham,Your appointment with Dr. Robert is confirmed for Saturday at 3:30 PM.
spam,BREAKING: New government grant of $10000 available. Apply now!
ham,I'll be out of office from July 15 to April 8. Contact John for urgent matters.
ham,Your LinkedIn order #931415 has been shipped. Estimated delivery: July 1.
ham,Receipt for your Instagram purchase of $4.99 on May 5.
ham,Can you pick up Nintendo Switch from the store on your way home?
ham,"Dear students, the machine learning assignment is due on April 1. No extensions."
spam,Your iCloud subscription gift card code: FREEXXXX. Redeem at click-here-now.com/offer.
spam,Exclusive deal: Get designer bag for FREE! Just pay shipping.
ham,"Dear students, the Python assignment is due on June 25. No extensions."
spam,You're our 100th lucky winner this month! Win $5000 now.
spam,You've been specially selected for this exclusive offer. Don't miss out!
ham,Join our upcoming webinar on sales on Thursday at 5:00 PM.
ham,The town hall has been confirmed for November 5 at the main hall. Please RSVP.
ham,Can you pick up gift card from the store on your way home?
ham,We need to renew the car insurance by December 1. Can you handle it?
ham,Let's schedule a call to discuss the sustainability project. Are you free Friday?
spam,Lose 20lbs in 21 days! Revolutionary weight loss pill.
spam,Flash sale! diamond ring at 99% off. Only 3 left in stock!
spam,Congratulations! You qualify for a $50000 loan at 0% interest!
ham,The kids have a school event on Sunday. Can you make it?
ham,The exam schedule has been posted on the portal. Check your dates.
ham,The kids have a school event on Monday. Can you make it?
spam,Flash sale! Xbox at 99% off. Only 1000 left in stock!
spam,Congratulations! You qualify for a $500 loan at 0% interest!
ham,Please complete the quarterly performance review by June 10.
spam,Double your income in 30 days! Secret method revealed. Click now.
ham,Your monthly iCloud statement is ready. Log in to view.
ham,Can you send me the invoice by end of day? We need it for the client presentation.
ham,Your flight AA563 to Tokyo departs at 2:30 PM on April 20.
spam,Your credit score is excellent! Get a pre-approved $2000 loan now.
ham,"Hi team, the meeting has been rescheduled to 10:00 AM tomorrow. Please update your calendars."
spam,Congratulations Jennifer! You've earned a free vacation to Bali!
spam,BREAKING: New government grant of $500 available. Apply now!
spam,Make $5000 per week working from home! No experience needed. Sign up now.
spam,WARNING: Your computer has 10 viruses! Download antivirus now!
ham,Congratulations on completing your machine learning certification!
ham,I'll be out of office from September 12 to April 8. Contact John for urgent matters.
spam,Important: Update your Netflix password now to avoid account closure.
ham,Can we reschedule our 4:00 PM meeting? I have a conflict.
ham,Can you pick up laptop from the store on your way home?
ham,Reminder: Our dentist appointment is on Monday at 9:00 AM.
ham,HR has updated the leave policy. Check the intranet for details.
spam,Reply WIN to this message and get a free gift card instantly!
ham,I saw this article about AI and thought you might find it interesting.
spam,Reply WIN to this message and get a free iPad instantly!
ham,"Hi, I wanted to follow up on our conversation about the AI initiative."
spam,Special offer: Viagra for only $9.99! Limited time deal.
spam,Amazing news! You qualify for a free Samsung Galaxy. Click to get yours today!
spam,Congratulations! You qualify for a $500 loan at 0% interest!
spam,Your email has won $1000 in our international lottery. Reply to collect.
ham,Community update: We've reached 50 members! Thank you for your support.
ham,The kids have a school event on Wednesday. Can you make it?
spam,Last chance! Buy one get one free on all laptop!
ham,The project management workshop has 15 seats remaining. Register soon.
spam,Hot singles in your area want to meet you! Click here.
ham,Please complete the quarterly performance review by June 25.
spam,Congratulations John! You've earned a free vacation to Caribbean!
spam,Meet beautiful people in your city tonight! Join free at bit.ly/abc123.
ham,Happy birthday! Wishing you a wonderful year ahead!
ham,Can you pick up smartwatch from the store on your way home?
spam,Congratulations! You qualify for a $1500 loan at 0% interest!
ham,Hey! Are you coming to Amanda's birthday party on Monday?
spam,Your package is waiting! Track it at secure-verify.net/login. Delivery fee: $29.99.
ham,I saw this article about engineering and thought you might find it interesting.
ham,Our latest blog post on budget is now live. Check it out!
spam,Buy CBD oil online at 80% discount! No prescription needed.
spam,Get Cialis delivered to your door. Lowest prices guaranteed!
ham,Happy birthday! Wishing you a wonderful year ahead!
ham,Reminder: Team standup at 1:00 PM. Please prepare your status updates.
ham,Let me know when you're free this weekend. We could go for a hike.
spam,Unsubscribe? You'll miss out on $1000000 worth of free gifts!
spam,"Dear user, your MacBook order is ready. Confirm at www.deals99.com/grab."
ham,Hey! Are you coming to Amanda's birthday party on Tuesday?
ham,Registration for next semester opens on July 15. Plan your courses.
spam,Buy supplements online at 80% discount! No prescription needed.
ham,Our latest blog post on budget is now live. Check it out!
spam,Exclusive deal: Get Xbox for FREE! Just pay shipping.
spam,Your account has been compromised! Verify your identity at tinyurl.com/xyz.
ham,Happy birthday! Wishing you a wonderful year ahead!
spam,Shocking secret the banks don't want you to know! Click to reveal.
spam,You're our 5th lucky winner this month! Win $1000 now.
spam,URGENT: Your bank account needs verification. Click here immediately.
spam,Your account has been compromised! Verify your identity at secure-verify.net/login.
spam,Reply WIN to this message and get a free gift card instantly!
ham,Sending you the recipe you asked for. Let me know how it turns out!
spam,Important: Update your Dropbox password now to avoid account closure.
spam,This is not a joke! You really won! Claim at secure-verify.net/login.
spam,Get rich quick! Invest $100000 today and earn $500000 tomorrow!
spam,BREAKING: New government grant of $5000 available. Apply now!
spam,Meet beautiful women in your city tonight! Join free at bit.ly/abc123.
ham,Reminder: Your Xbox warranty expires on June 25.
spam,Shocking secret the banks don't want you to know! Click to reveal.
spam,Reply WIN to this message and get a free laptop instantly!
